,!,#,$,%,&,(,),*,+,/,0,1,2,3,4,5,6,7,8,9,:,;,<,>,?,@,[,\,],^,_,a,b,c,d,e,f,g,h,i,j,k,l,m,n,o,p,q,r,s,t,u,v,w,x,y,z,{,|,}
!,0.4379222972972973,0.0,0.0,0.0004222972972972973,0.0,0.0021114864864864866,0.0008445945945945946,0.0,0.0004222972972972973,0.003800675675675676,0.0008445945945945946,0.10472972972972973,0.001266891891891892,0.0004222972972972973,0.0008445945945945946,0.0008445945945945946,0.0,0.0008445945945945946,0.0004222972972972973,0.0004222972972972973,0.002533783783783784,0.0,0.0,0.0,0.0,0.0,0.0004222972972972973,0.0033783783783783786,0.0,0.0,0.0,0.008445945945945946,0.0016891891891891893,0.0059121621621621625,0.0021114864864864866,0.011824324324324325,0.001266891891891892,0.0029560810810810812,0.011824324324324325,0.24619932432432431,0.001266891891891892,0.0016891891891891893,0.0777027027027027,0.0029560810810810812,0.004222972972972973,0.0071790540540540545,0.0033783783783783786,0.0008445945945945946,0.00633445945945946,0.008445945945945946,0.009712837837837838,0.0021114864864864866,0.0008445945945945946,0.0004222972972972973,0.0008445945945945946,0.0033783783783783786,0.0,0.0008445945945945946,0.011824324324324325,0.001266891891891892
#,0.0,0.7855072463768116,0.0,0.0,0.0,0.0,0.0007246376811594203,0.00036231884057971015,0.0014492753623188406,0.0010869565217391304,0.003260869565217391,0.004710144927536232,0.0,0.0007246376811594203,0.010869565217391304,0.0007246376811594203,0.0,0.00036231884057971015,0.0007246376811594203,0.0,0.0018115942028985507,0.0,0.0,0.0,0.0,0.0,0.0,0.0,0.0,0.0,0.00036231884057971015,0.019927536231884056,0.004347826086956522,0.002898550724637681,0.0014492753623188406,0.016666666666666666,0.008695652173913044,0.0010869565217391304,0.05579710144927536,0.014130434782608696,0.0,0.002536231884057971,0.0036231884057971015,0.003985507246376811,0.004347826086956522,0.004710144927536232,0.002173913043478261,0.0,0.010869565217391304,0.007971014492753623,0.010507246376811594,0.004347826086956522,0.00036231884057971015,0.002898550724637681,0.0010869565217391304,0.0007246376811594203,0.00036231884057971015,0.00036231884057971015,0.0014492753623188406,0.0
$,0.0,0.00040933278755628325,0.5292672943102743,0.00040933278755628325,0.0,0.0,0.002046663937781416,0.0,0.0,0.0,0.002046663937781416,0.001637331150225133,0.0008186655751125665,0.007367990176013099,0.01514531313958248,0.009823986901350798,0.0008186655751125665,0.0,0.03151862464183381,0.0008186655751125665,0.002046663937781416,0.0,0.0,0.0,0.0,0.0,0.0,0.0,0.00040933278755628325,0.0,0.0,0.007367990176013099,0.001637331150225133,0.0012279983626688497,0.0028653295128939827,0.009005321326238231,0.0012279983626688497,0.0057306590257879654,0.0036839950880065493,0.007777322963569382,0.0,0.0012279983626688497,0.001637331150225133,0.0012279983626688497,0.002046663937781416,0.004911993450675399,0.0,0.00040933278755628325,0.003274662300450266,0.3303315595579206,0.004911993450675399,0.0012279983626688497,0.0024559967253376994,0.00040933278755628325,0.0,0.0,0.00040933278755628325,0.0,0.00040933278755628325,0.0
%,0.0,0.0007039774727208729,0.008799718409010912,0.7905667018655403,0.00035198873636043646,0.0017599436818021823,0.00035198873636043646,0.00035198873636043646,0.00035198873636043646,0.0,0.0021119324181626186,0.0017599436818021823,0.0010559662090813093,0.005631819781766983,0.0035198873636043647,0.0017599436818021823,0.006687785990848293,0.0014079549454417458,0.0014079549454417458,0.0007039774727208729,0.0007039774727208729,0.0,0.0,0.0,0.0,0.0,0.0,0.0,0.00035198873636043646,0.0,0.0,0.011263639563533967,0.010911650827173531,0.003871876099964801,0.0010559662090813093,0.022175290390707498,0.0007039774727208729,0.0014079549454417458,0.016191481872580078,0.012671594508975714,0.0007039774727208729,0.019711369236184443,0.0021119324181626186,0.0014079549454417458,0.003871876099964801,0.01196761703625484,0.0010559662090813093,0.0,0.009503695881731784,0.012671594508975714,0.007391763463569166,0.0028159098908834917,0.0010559662090813093,0.0028159098908834917,0.007743752199929602,0.0031678986272439284,0.0007039774727208729,0.0,0.0007039774727208729,0.0
&,0.0,0.0,0.0003672420124862284,0.0007344840249724568,0.6261476312890195,0.0007344840249724568,0.0003672420124862284,0.0003672420124862284,0.0007344840249724568,0.0,0.002570694087403599,0.0014689680499449136,0.0003672420124862284,0.0,0.012486228424531766,0.0033051781123760557,0.006243114212265883,0.0,0.07455012853470437,0.0003672420124862284,0.002570694087403599,0.0,0.0,0.0,0.0,0.0003672420124862284,0.0003672420124862284,0.0,0.0003672420124862284,0.0,0.0,0.05104663973558575,0.03268453911127433,0.0014689680499449136,0.007344840249724568,0.0672052882849798,0.0014689680499449136,0.0029379360998898272,0.0029379360998898272,0.00697759823723834,0.0007344840249724568,0.0022034520749173708,0.003672420124862284,0.001836210062431142,0.0044069041498347415,0.010650018362100624,0.0003672420124862284,0.0,0.02130003672420125,0.03452074917370547,0.005141388174807198,0.001836210062431142,0.0014689680499449136,0.0003672420124862284,0.0,0.0003672420124862284,0.0011017260374586854,0.0003672420124862284,0.0011017260374586854,0.0
(,0.0006695681285570807,0.0,0.0,0.0,0.00033478406427854036,0.8767994643454972,0.0,0.00033478406427854036,0.0,0.0,0.002008704385671242,0.003013056578506863,0.0,0.0006695681285570807,0.0,0.00033478406427854036,0.0,0.0,0.0,0.0,0.00033478406427854036,0.0,0.00033478406427854036,0.0,0.0,0.0,0.001004352192835621,0.00033478406427854036,0.0,0.0,0.0,0.009708737864077669,0.0013391362571141614,0.005356545028456646,0.002008704385671242,0.009039169735520589,0.0,0.0006695681285570807,0.0063608972212922665,0.019417475728155338,0.0,0.001004352192835621,0.016404419149648478,0.0033478406427854034,0.0036826247070639436,0.008369601606963508,0.0013391362571141614,0.00033478406427854036,0.002678272514228323,0.0050217609641781055,0.004352192835621024,0.002343488449949782,0.00033478406427854036,0.0,0.0,0.0016739203213927017,0.0,0.0077000334784064275,0.001004352192835621,0.00033478406427854036
),0.0,0.0,0.0,0.0,0.0,0.0014705882352941176,0.8463235294117647,0.0,0.0,0.0003676470588235294,0.004044117647058824,0.0033088235294117647,0.0007352941176470588,0.0,0.0003676470588235294,0.0,0.0,0.0011029411764705882,0.0003676470588235294,0.0,0.0007352941176470588,0.0,0.0,0.0,0.0,0.0,0.0003676470588235294,0.0003676470588235294,0.0029411764705882353,0.0,0.0,0.008088235294117648,0.001838235294117647,0.0011029411764705882,0.007720588235294118,0.006985294117647059,0.0003676470588235294,0.001838235294117647,0.004779411764705883,0.03235294117647059,0.014338235294117646,0.0011029411764705882,0.010294117647058823,0.001838235294117647,0.0058823529411764705,0.009558823529411765,0.001838235294117647,0.0,0.002573529411764706,0.00625,0.004411764705882353,0.0011029411764705882,0.0014705882352941176,0.0007352941176470588,0.0011029411764705882,0.006985294117647059,0.0003676470588235294,0.0,0.0014705882352941176,0.0011029411764705882
*,0.0,0.0005698005698005698,0.0,0.002849002849002849,0.0,0.003418803418803419,0.0,0.8273504273504273,0.0062678062678062675,0.0,0.003988603988603989,0.003418803418803419,0.002849002849002849,0.0005698005698005698,0.0,0.003418803418803419,0.0,0.0017094017094017094,0.0017094017094017094,0.0005698005698005698,0.002279202279202279,0.0005698005698005698,0.0,0.0,0.0005698005698005698,0.0,0.0,0.0,0.0005698005698005698,0.0,0.0,0.012535612535612535,0.0011396011396011395,0.005128205128205128,0.002279202279202279,0.017663817663817662,0.004558404558404558,0.004558404558404558,0.005128205128205128,0.013675213675213675,0.0,0.004558404558404558,0.0062678062678062675,0.002849002849002849,0.009116809116809116,0.0062678062678062675,0.002849002849002849,0.0005698005698005698,0.008547008547008548,0.0062678062678062675,0.011965811965811967,0.002279202279202279,0.0005698005698005698,0.0011396011396011395,0.003418803418803419,0.002279202279202279,0.0005698005698005698,0.0,0.0011396011396011395,0.0
+,0.0,0.0034707158351409977,0.0,0.0,0.0004338394793926247,0.0,0.0004338394793926247,0.0034707158351409977,0.8455531453362256,0.0,0.0021691973969631237,0.005639913232104121,0.0013015184381778742,0.0013015184381778742,0.010845986984815618,0.0004338394793926247,0.0008676789587852494,0.0004338394793926247,0.0008676789587852494,0.0,0.0017353579175704988,0.0,0.0,0.0,0.0,0.0004338394793926247,0.0,0.0,0.0004338394793926247,0.0,0.0,0.006941431670281995,0.0021691973969631237,0.0017353579175704988,0.0013015184381778742,0.016919739696312365,0.0017353579175704988,0.0021691973969631237,0.010845986984815618,0.0034707158351409977,0.0004338394793926247,0.0017353579175704988,0.0021691973969631237,0.0017353579175704988,0.003036876355748373,0.006507592190889371,0.0008676789587852494,0.0,0.00911062906724512,0.024295010845986984,0.00911062906724512,0.003036876355748373,0.0039045553145336228,0.0026030368763557484,0.0004338394793926247,0.0017353579175704988,0.0,0.0,0.0021691973969631237,0.0
/,0.0,0.0,0.0,0.0,0.0,0.0012536564981195152,0.0025073129962390303,0.0,0.0,0.8946928541579607,0.0004178854993731718,0.0012536564981195152,0.0,0.0004178854993731718,0.0004178854993731718,0.0004178854993731718,0.0,0.0004178854993731718,0.0,0.0004178854993731718,0.0008357709987463436,0.0,0.0004178854993731718,0.0,0.0004178854993731718,0.0,0.0,0.0,0.0004178854993731718,0.0,0.0,0.00961136648558295,0.0008357709987463436,0.0029251984956122023,0.0012536564981195152,0.012536564981195153,0.0008357709987463436,0.0012536564981195152,0.001671541997492687,0.013372335979941497,0.002089427496865859,0.0008357709987463436,0.005014625992478061,0.002089427496865859,0.002089427496865859,0.0037609694943585457,0.001671541997492687,0.0,0.0029251984956122023,0.0037609694943585457,0.002089427496865859,0.0062682824905975765,0.008775595486836606,0.0012536564981195152,0.0004178854993731718,0.005432511491851233,0.0004178854993731718,0.0,0.002089427496865859,0.0004178854993731718
0,0.0,0.0,0.0,0.0003853564547206166,0.0,0.0,0.0007707129094412332,0.0,0.0,0.0,0.5576107899807322,0.0,0.0,0.0,0.0,0.0,0.0,0.0,0.0003853564547206166,0.0,0.0007707129094412332,0.0003853564547206166,0.0,0.0,0.0,0.0,0.0,0.0,0.0003853564547206166,0.0,0.0,0.0038535645472061657,0.0019267822736030828,0.0015414258188824663,0.005394990366088632,0.004624277456647399,0.0003853564547206166,0.0019267822736030828,0.0023121387283236996,0.005009633911368015,0.0007707129094412332,0.0011560693641618498,0.002697495183044316,0.0023121387283236996,0.0007707129094412332,0.3915221579961464,0.0038535645472061657,0.0003853564547206166,0.0019267822736030828,0.0023121387283236996,0.0011560693641618498,0.0003853564547206166,0.0,0.0003853564547206166,0.0011560693641618498,0.0011560693641618498,0.0,0.0,0.0003853564547206166,0.0
1,0.0003316749585406302,0.0,0.0,0.0003316749585406302,0.0,0.0006633499170812604,0.0003316749585406302,0.0006633499170812604,0.0,0.0,0.0013266998341625207,0.7326699834162521,0.0006633499170812604,0.0003316749585406302,0.0,0.0003316749585406302,0.0,0.0,0.0006633499170812604,0.0003316749585406302,0.0003316749585406302,0.0003316749585406302,0.0,0.0,0.0003316749585406302,0.0,0.0,0.0,0.001658374792703151,0.0,0.0,0.008291873963515755,0.003316749585406302,0.003980099502487562,0.001990049751243781,0.006965174129353234,0.0003316749585406302,0.001658374792703151,0.006965174129353234,0.10248756218905472,0.0003316749585406302,0.0006633499170812604,0.05107794361525705,0.004975124378109453,0.0029850746268656717,0.006301824212271974,0.0009950248756218905,0.0003316749585406302,0.005306799336650083,0.005306799336650083,0.03615257048092869,0.0009950248756218905,0.0006633499170812604,0.0009950248756218905,0.0,0.002321724709784411,0.0003316749585406302,0.0006633499170812604,0.002321724709784411,0.0
2,0.0,0.0,0.0,0.0,0.0,0.0,0.0,0.0,0.0,0.0,0.0011202389843166542,0.0003734129947722181,0.8935772964899178,0.0014936519790888724,0.0003734129947722181,0.0003734129947722181,0.0007468259895444362,0.0003734129947722181,0.0007468259895444362,0.0003734129947722181,0.0003734129947722181,0.0,0.0,0.0,0.0003734129947722181,0.0,0.0,0.0003734129947722181,0.0,0.0,0.0003734129947722181,0.01157580283793876,0.0007468259895444362,0.0014936519790888724,0.0018670649738610904,0.006721433905899925,0.0,0.0007468259895444362,0.0018670649738610904,0.005227781926811053,0.0003734129947722181,0.0,0.0018670649738610904,0.0018670649738610904,0.0014936519790888724,0.004480955937266617,0.0018670649738610904,0.0,0.026138909634055265,0.0026138909634055266,0.0018670649738610904,0.0007468259895444362,0.0,0.0,0.0,0.0007468259895444362,0.024645257654966394,0.0,0.0,0.0
3,0.0003414134516899966,0.0,0.0,0.0,0.0,0.0003414134516899966,0.0003414134516899966,0.0,0.0,0.0,0.0013656538067599864,0.0,0.0010242403550699897,0.8303175145100717,0.0003414134516899966,0.004779788323659952,0.0,0.0,0.0003414134516899966,0.0,0.0,0.0,0.0,0.0003414134516899966,0.0003414134516899966,0.0,0.0003414134516899966,0.0,0.0,0.0,0.0,0.016729259132809832,0.026971662683509732,0.002389894161829976,0.004779788323659952,0.0075110959371799246,0.0003414134516899966,0.004438374871969956,0.0013656538067599864,0.017753499487879822,0.0003414134516899966,0.0010242403550699897,0.001707067258449983,0.0037555479685899623,0.0030727210652099694,0.008193922840559918,0.003414134516899966,0.0,0.0020484807101399795,0.04096961420279959,0.004096961420279959,0.002389894161829976,0.0013656538067599864,0.0006828269033799932,0.0003414134516899966,0.0013656538067599864,0.0010242403550699897,0.0,0.001707067258449983,0.0
4,0.0,0.00036886757654002215,0.0,0.0,0.00036886757654002215,0.00036886757654002215,0.0,0.00036886757654002215,0.0073773515308004425,0.0,0.0007377351530800443,0.00036886757654002215,0.0011066027296200663,0.0007377351530800443,0.7310955367023239,0.00036886757654002215,0.00036886757654002215,0.0,0.0,0.0,0.0007377351530800443,0.0,0.0,0.0,0.0,0.0,0.0,0.0,0.0,0.0,0.0,0.11582441903356695,0.002950940612320177,0.0022132054592401327,0.061232017705643675,0.009959424566580598,0.0014754703061600886,0.004795278495020288,0.006270748801180376,0.0073773515308004425,0.0,0.0007377351530800443,0.004057543341940244,0.0033198081888601992,0.0033198081888601992,0.004426410918480265,0.0011066027296200663,0.0022132054592401327,0.0036886757654002213,0.005164146071560309,0.008115086683880487,0.0036886757654002213,0.00036886757654002215,0.0022132054592401327,0.00036886757654002215,0.00036886757654002215,0.0,0.00036886757654002215,0.0,0.0
5,0.0,0.0,0.00038955979742890534,0.0,0.0,0.00038955979742890534,0.00038955979742890534,0.0,0.0,0.0,0.0015582391897156214,0.0007791195948578107,0.0007791195948578107,0.007012076353720296,0.0,0.608881963381379,0.00584339696143358,0.0,0.0019477989871445266,0.0,0.0,0.0,0.0,0.00038955979742890534,0.0,0.0,0.0,0.0,0.0,0.0,0.00038955979742890534,0.00584339696143358,0.02103622906116089,0.0027269185820023374,0.002337358784573432,0.0218153486560187,0.001168679392286716,0.0019477989871445266,0.0019477989871445266,0.008180755746007013,0.00038955979742890534,0.0007791195948578107,0.003506038176860148,0.0015582391897156214,0.001168679392286716,0.010518114530580444,0.0007791195948578107,0.00038955979742890534,0.001168679392286716,0.2777561355668095,0.0027269185820023374,0.00038955979742890534,0.00038955979742890534,0.00038955979742890534,0.00038955979742890534,0.0007791195948578107,0.00038955979742890534,0.0007791195948578107,0.0,0.0
6,0.0,0.0,0.0,0.0,0.0012285012285012285,0.0,0.0,0.0,0.0,0.0,0.000819000819000819,0.000819000819000819,0.0,0.0,0.000819000819000819,0.001638001638001638,0.7248157248157249,0.0,0.015561015561015561,0.0,0.0004095004095004095,0.0,0.0,0.0,0.0004095004095004095,0.0,0.0004095004095004095,0.0004095004095004095,0.0,0.0,0.0,0.005733005733005733,0.06265356265356266,0.0036855036855036856,0.001638001638001638,0.0728910728910729,0.0,0.03276003276003276,0.002457002457002457,0.0045045045045045045,0.0,0.0012285012285012285,0.003276003276003276,0.001638001638001638,0.0020475020475020475,0.01760851760851761,0.001638001638001638,0.0004095004095004095,0.004095004095004095,0.029074529074529076,0.003276003276003276,0.0004095004095004095,0.0,0.0004095004095004095,0.0,0.000819000819000819,0.0004095004095004095,0.0,0.0,0.0
7,0.0,0.0,0.0,0.0,0.0,0.00040192926045016077,0.001607717041800643,0.0,0.0,0.00040192926045016077,0.0012057877813504824,0.0012057877813504824,0.0,0.00040192926045016077,0.0008038585209003215,0.0,0.00040192926045016077,0.8456591639871383,0.0012057877813504824,0.0,0.00040192926045016077,0.0,0.0,0.0,0.0020096463022508037,0.0,0.0,0.0,0.00040192926045016077,0.0,0.0,0.0044212218649517685,0.0020096463022508037,0.0020096463022508037,0.001607717041800643,0.0044212218649517685,0.00040192926045016077,0.0008038585209003215,0.0,0.00522508038585209,0.0,0.00040192926045016077,0.00040192926045016077,0.003617363344051447,0.003215434083601286,0.0044212218649517685,0.002411575562700965,0.0,0.003617363344051447,0.003215434083601286,0.09364951768488745,0.0008038585209003215,0.0008038585209003215,0.0020096463022508037,0.0,0.0012057877813504824,0.002411575562700965,0.0,0.0008038585209003215,0.0
8,0.0,0.0003599712023038157,0.0,0.0,0.0003599712023038157,0.0003599712023038157,0.0003599712023038157,0.0003599712023038157,0.0003599712023038157,0.0,0.0014398848092152627,0.0003599712023038157,0.0003599712023038157,0.0014398848092152627,0.0,0.0003599712023038157,0.0032397408207343412,0.0,0.6382289416846653,0.0003599712023038157,0.0007199424046076314,0.0,0.0003599712023038157,0.0003599712023038157,0.0,0.0,0.0,0.0003599712023038157,0.0,0.0,0.0,0.014038876889848811,0.22318214542836573,0.0010799136069114472,0.0010799136069114472,0.03095752339812815,0.0010799136069114472,0.0021598272138228943,0.0014398848092152627,0.004319654427645789,0.0,0.0010799136069114472,0.0007199424046076314,0.0010799136069114472,0.003599712023038157,0.005039596832253419,0.0014398848092152627,0.0,0.003599712023038157,0.04463642908567315,0.004679625629949604,0.0010799136069114472,0.0003599712023038157,0.0017998560115190785,0.0003599712023038157,0.0010799136069114472,0.0,0.0,0.0003599712023038157,0.0
9,0.0,0.0,0.0,0.0013449899125756557,0.0,0.0,0.0006724949562878278,0.0,0.0,0.0,0.020174848688634835,0.0010087424344317419,0.0003362474781439139,0.006388702084734364,0.0,0.004707464694014795,0.0,0.0,0.004707464694014795,0.5759919300605245,0.0016812373907195697,0.0,0.0,0.0,0.0013449899125756557,0.0003362474781439139,0.0,0.0,0.0,0.0,0.0,0.008406186953597848,0.004034969737726967,0.003026227303295225,0.010759919300605245,0.006388702084734364,0.004371217215870881,0.03194351042367182,0.0026899798251513113,0.09515803631472763,0.0003362474781439139,0.0003362474781439139,0.0020174848688634837,0.0023537323470073975,0.003698722259583053,0.1304640215198386,0.006724949562878279,0.003698722259583053,0.0033624747814391394,0.04875588433086752,0.003698722259583053,0.0016812373907195697,0.0,0.0006724949562878278,0.0006724949562878278,0.004371217215870881,0.0006724949562878278,0.0,0.0010087424344317419,0.0
:,0.0,0.0,0.0,0.0,0.0,0.0024154589371980675,0.000966183574879227,0.0014492753623188406,0.0004830917874396135,0.000966183574879227,0.002898550724637681,0.004830917874396135,0.002898550724637681,0.0014492753623188406,0.000966183574879227,0.001932367149758454,0.0014492753623188406,0.0,0.0004830917874396135,0.0,0.8623188405797102,0.000966183574879227,0.0,0.0,0.0,0.000966183574879227,0.000966183574879227,0.0,0.0,0.0,0.0,0.00676328502415459,0.005797101449275362,0.005314009661835749,0.000966183574879227,0.01642512077294686,0.0024154589371980675,0.003381642512077295,0.0024154589371980675,0.02077294685990338,0.0,0.0014492753623188406,0.007246376811594203,0.0024154589371980675,0.0024154589371980675,0.005797101449275362,0.0014492753623188406,0.0,0.006280193236714976,0.004347826086956522,0.003381642512077295,0.004347826086956522,0.001932367149758454,0.0004830917874396135,0.001932367149758454,0.001932367149758454,0.0014492753623188406,0.0,0.0004830917874396135,0.0
;,0.0,0.0004786979415988511,0.0,0.0004786979415988511,0.0,0.0028721876495931067,0.0023934897079942556,0.0009573958831977022,0.0,0.0009573958831977022,0.0014360938247965534,0.00430828147438966,0.0004786979415988511,0.0009573958831977022,0.0,0.0014360938247965534,0.0004786979415988511,0.0009573958831977022,0.0004786979415988511,0.0,0.13595021541407373,0.6945907132599329,0.0,0.0004786979415988511,0.0,0.0,0.0004786979415988511,0.0,0.0004786979415988511,0.0,0.0,0.007180469123982767,0.003350885591191958,0.0019147917663954045,0.0028721876495931067,0.014360938247965534,0.0009573958831977022,0.006223073240785065,0.003829583532790809,0.03303015797032073,0.0004786979415988511,0.0019147917663954045,0.018190521780756343,0.0009573958831977022,0.006223073240785065,0.006701771182383916,0.004786979415988511,0.0,0.004786979415988511,0.010531354715174725,0.006223073240785065,0.0028721876495931067,0.0004786979415988511,0.0028721876495931067,0.0,0.00430828147438966,0.0009573958831977022,0.0,0.0023934897079942556,0.0009573958831977022
<,0.0,0.0,0.0,0.0,0.0,0.0007451564828614009,0.0011177347242921013,0.0,0.0,0.00037257824143070045,0.0014903129657228018,0.0014903129657228018,0.00037257824143070045,0.00037257824143070045,0.0,0.0011177347242921013,0.00037257824143070045,0.00037257824143070045,0.00037257824143070045,0.0,0.00037257824143070045,0.0,0.9027570789865872,0.0,0.0,0.0,0.0,0.0,0.0,0.0,0.0,0.006333830104321907,0.0011177347242921013,0.011177347242921014,0.0007451564828614009,0.028688524590163935,0.0,0.0007451564828614009,0.0007451564828614009,0.005961251862891207,0.00037257824143070045,0.0018628912071535022,0.0033532041728763042,0.0011177347242921013,0.0007451564828614009,0.005588673621460507,0.0,0.0,0.0022354694485842027,0.009314456035767511,0.0026080476900149033,0.0022354694485842027,0.00037257824143070045,0.0018628912071535022,0.0,0.00037257824143070045,0.0,0.0,0.0011177347242921013,0.0
>,0.0,0.0,0.0,0.0,0.0,0.0008375209380234506,0.0,0.0004187604690117253,0.0,0.0,0.0008375209380234506,0.0016750418760469012,0.002512562814070352,0.0004187604690117253,0.0,0.0041876046901172526,0.0,0.0004187604690117253,0.0016750418760469012,0.0004187604690117253,0.0008375209380234506,0.0,0.0,0.8768844221105527,0.0,0.0,0.0,0.0,0.0,0.0,0.0,0.005025125628140704,0.0046063651591289785,0.0020938023450586263,0.0020938023450586263,0.007537688442211055,0.0008375209380234506,0.0020938023450586263,0.0037688442211055275,0.0046063651591289785,0.0004187604690117253,0.0004187604690117253,0.001256281407035176,0.002512562814070352,0.002931323283082077,0.02763819095477387,0.009212730318257957,0.0,0.005025125628140704,0.018006700167504188,0.0033500837520938024,0.0008375209380234506,0.001256281407035176,0.0008375209380234506,0.0004187604690117253,0.0008375209380234506,0.0,0.0,0.001256281407035176,0.0
?,0.0,0.00505443234836703,0.0,0.0023328149300155523,0.0,0.00038880248833592535,0.0007776049766718507,0.0,0.0,0.0,0.0011664074650077762,0.0027216174183514776,0.13880248833592534,0.0023328149300155523,0.0007776049766718507,0.0015552099533437014,0.0011664074650077762,0.11780715396578538,0.003110419906687403,0.0015552099533437014,0.00038880248833592535,0.00038880248833592535,0.0,0.0015552099533437014,0.5439346811819595,0.0,0.0,0.0,0.00038880248833592535,0.0,0.0,0.007776049766718507,0.0023328149300155523,0.0015552099533437014,0.00038880248833592535,0.015163297045101089,0.00505443234836703,0.0007776049766718507,0.0027216174183514776,0.020995334370139968,0.0,0.0007776049766718507,0.003110419906687403,0.0019440124416796269,0.0011664074650077762,0.011275272161741835,0.04937791601866252,0.0,0.006220839813374806,0.00933125972006221,0.02021772939346812,0.0011664074650077762,0.0011664074650077762,0.00038880248833592535,0.00038880248833592535,0.0027216174183514776,0.006220839813374806,0.0,0.0015552099533437014,0.0
@,0.00032499187520311994,0.0,0.0,0.0,0.0,0.0006499837504062399,0.0009749756256093598,0.0,0.0,0.00032499187520311994,0.017549561260968474,0.0019499512512187196,0.0,0.0,0.0,0.0006499837504062399,0.0009749756256093598,0.0,0.004224894377640559,0.0,0.0006499837504062399,0.0,0.0,0.0,0.0,0.8339291517712057,0.0,0.00032499187520311994,0.0,0.0,0.0,0.004874878128046799,0.0055248618784530384,0.003249918752031199,0.0019499512512187196,0.03964900877478063,0.00032499187520311994,0.018849528761780955,0.0009749756256093598,0.0022749431264218393,0.00032499187520311994,0.0009749756256093598,0.0016249593760155996,0.0025999350016249595,0.0019499512512187196,0.026649333766655833,0.0019499512512187196,0.005849853753656159,0.006499837504062398,0.004874878128046799,0.0022749431264218393,0.0009749756256093598,0.0,0.00032499187520311994,0.0012999675008124798,0.00032499187520311994,0.0,0.0,0.0012999675008124798,0.0
[,0.0,0.0,0.0,0.0,0.0,0.044306601683650866,0.002215330084182543,0.0008861320336730173,0.00044306601683650863,0.0008861320336730173,0.0,0.006202924235711121,0.00044306601683650863,0.0008861320336730173,0.0,0.0008861320336730173,0.0,0.0,0.00044306601683650863,0.0,0.0,0.0,0.00044306601683650863,0.0,0.0,0.0,0.6964997784669916,0.0,0.004873726185201595,0.0,0.0,0.011076650420912717,0.002658396101019052,0.002215330084182543,0.0017722640673460345,0.005316792202038104,0.006202924235711121,0.0008861320336730173,0.008418254319893664,0.06070004430660168,0.00044306601683650863,0.002215330084182543,0.046964997784669914,0.003987594151528578,0.006202924235711121,0.0057598582188746125,0.001329198050509526,0.0008861320336730173,0.0017722640673460345,0.006202924235711121,0.0101905183872397,0.002215330084182543,0.0,0.001329198050509526,0.00044306601683650863,0.00044306601683650863,0.0,0.04474966770048737,0.006202924235711121,0.0
\,0.0003780718336483932,0.0,0.0,0.0,0.0,0.0011342155009451795,0.0007561436672967864,0.0,0.0,0.0,0.0015122873345935729,0.006427221172022685,0.0011342155009451795,0.0,0.0,0.0,0.0003780718336483932,0.0003780718336483932,0.0,0.0,0.0011342155009451795,0.0,0.0,0.0003780718336483932,0.0,0.0,0.0,0.8434782608695652,0.0,0.0,0.0,0.023062381852551984,0.0030245746691871457,0.002268431001890359,0.0003780718336483932,0.007561436672967864,0.001890359168241966,0.002268431001890359,0.004158790170132325,0.02003780718336484,0.0,0.0011342155009451795,0.013988657844990548,0.005293005671077505,0.02117202268431002,0.006427221172022685,0.004158790170132325,0.0,0.0026465028355387526,0.005293005671077505,0.003402646502835539,0.001890359168241966,0.003780718336483932,0.003780718336483932,0.0003780718336483932,0.0015122873345935729,0.0003780718336483932,0.0,0.0030245746691871457,0.0
],0.0,0.0,0.0,0.0,0.0,0.0004068348250610252,0.03336045565500407,0.0008136696501220504,0.0,0.0,0.0016273393002441008,0.03458096013018715,0.0004068348250610252,0.0,0.0016273393002441008,0.0,0.0,0.0008136696501220504,0.0004068348250610252,0.0004068348250610252,0.0004068348250610252,0.0,0.0004068348250610252,0.0,0.0,0.0,0.003661513425549227,0.0,0.467860048820179,0.0,0.0,0.007729861676159479,0.0020341741253051262,0.0028478437754271765,0.0016273393002441008,0.00935720097640358,0.0020341741253051262,0.0032546786004882017,0.004882017900732303,0.16232709519934907,0.1224572823433686,0.0024410089503661514,0.06427990235964198,0.0008136696501220504,0.006916192026037429,0.006102522375915379,0.0012205044751830757,0.0,0.0032546786004882017,0.00854353132628153,0.012205044751830757,0.0016273393002441008,0.0012205044751830757,0.0004068348250610252,0.0004068348250610252,0.0028478437754271765,0.0004068348250610252,0.0,0.011798209926769731,0.01017087062652563
^,0.0,0.0,0.0,0.004754358161648178,0.0,0.004754358161648178,0.003961965134706815,0.21949286846275753,0.001584786053882726,0.022187004754358162,0.001584786053882726,0.009508716323296355,0.006339144215530904,0.001584786053882726,0.017432646592709985,0.000792393026941363,0.001584786053882726,0.012678288431061807,0.005546751188589541,0.000792393026941363,0.001584786053882726,0.0,0.0,0.0,0.002377179080824089,0.0,0.0,0.01584786053882726,0.001584786053882726,0.0,0.0,0.4896988906497623,0.003169572107765452,0.003169572107765452,0.004754358161648178,0.014263074484944533,0.002377179080824089,0.006339144215530904,0.0071315372424722665,0.010301109350237718,0.000792393026941363,0.000792393026941363,0.005546751188589541,0.009508716323296355,0.026148969889064975,0.01664025356576862,0.0071315372424722665,0.000792393026941363,0.014263074484944533,0.0071315372424722665,0.008716323296354992,0.001584786053882726,0.001584786053882726,0.0,0.0,0.01664025356576862,0.002377179080824089,0.0,0.003169572107765452,0.0
_,0.0,0.0,0.00045955882352941176,0.0,0.0,0.00045955882352941176,0.0009191176470588235,0.0,0.0,0.0,0.003216911764705882,0.00045955882352941176,0.00045955882352941176,0.00045955882352941176,0.0,0.00045955882352941176,0.0,0.0009191176470588235,0.00045955882352941176,0.0,0.00045955882352941176,0.0,0.0,0.00045955882352941176,0.0,0.00045955882352941176,0.0,0.0,0.0009191176470588235,0.0,0.9397977941176471,0.0059742647058823525,0.00045955882352941176,0.00045955882352941176,0.00045955882352941176,0.0078125,0.0009191176470588235,0.002297794117647059,0.0009191176470588235,0.002297794117647059,0.0,0.0009191176470588235,0.009650735294117647,0.0009191176470588235,0.001838235294117647,0.00505514705882353,0.00045955882352941176,0.0,0.00045955882352941176,0.002297794117647059,0.0027573529411764708,0.001838235294117647,0.0,0.0,0.00045955882352941176,0.0013786764705882354,0.0,0.0,0.0,0.0
a,0.0,0.0,0.0,0.0,0.0003957261574990107,0.0003957261574990107,0.0003957261574990107,0.0,0.0,0.0,0.00593589236248516,0.0003957261574990107,0.0051444400474871385,0.0019786307874950534,0.0003957261574990107,0.0003957261574990107,0.0,0.0,0.0031658092599920855,0.0,0.0,0.0,0.0,0.0,0.0,0.0,0.0,0.0,0.0,0.0,0.0,0.9370795409576573,0.001187178472497032,0.0019786307874950534,0.0007914523149980214,0.006727344677483181,0.0,0.0031658092599920855,0.0007914523149980214,0.0015829046299960427,0.0,0.0,0.0019786307874950534,0.0031658092599920855,0.0015829046299960427,0.007123070834982192,0.0003957261574990107,0.0003957261574990107,0.003957261574990107,0.004748713889988128,0.002374356944994064,0.001187178472497032,0.0,0.0,0.0,0.0,0.0003957261574990107,0.0,0.0007914523149980214,0.0
b,0.0,0.0,0.0,0.0004144218814753419,0.0,0.0,0.0,0.0004144218814753419,0.0,0.0,0.003315375051802735,0.0008288437629506838,0.0008288437629506838,0.0,0.0,0.0016576875259013675,0.0008288437629506838,0.0,0.0008288437629506838,0.0,0.0,0.0004144218814753419,0.0,0.0,0.0,0.0,0.0,0.0,0.0,0.0,0.0004144218814753419,0.003315375051802735,0.852051388313303,0.0004144218814753419,0.04144218814753419,0.007874015748031496,0.0,0.0016576875259013675,0.013675922088686282,0.0045586406962287605,0.0,0.0016576875259013675,0.01118939079983423,0.0020721094073767096,0.004144218814753419,0.022793203481143803,0.0016576875259013675,0.0,0.0037297969332780773,0.006216328222130129,0.0037297969332780773,0.0024865312888520514,0.0004144218814753419,0.0004144218814753419,0.0,0.0037297969332780773,0.0004144218814753419,0.0,0.0004144218814753419,0.0
c,0.0,0.0,0.0,0.0,0.0,0.00036310820624546115,0.0007262164124909223,0.00036310820624546115,0.0,0.0,0.00907770515613653,0.00036310820624546115,0.0010893246187363835,0.0,0.0,0.0,0.00036310820624546115,0.0,0.00036310820624546115,0.00036310820624546115,0.00036310820624546115,0.00036310820624546115,0.0007262164124909223,0.0,0.0,0.0,0.0,0.0,0.00036310820624546115,0.0,0.0,0.0039941902687000725,0.002541757443718228,0.7741466957153231,0.00036310820624546115,0.12745098039215685,0.0007262164124909223,0.005083514887436456,0.0010893246187363835,0.0054466230936819175,0.0,0.0014524328249818446,0.0032679738562091504,0.0010893246187363835,0.0014524328249818446,0.04139433551198257,0.0014524328249818446,0.0,0.0010893246187363835,0.005083514887436456,0.0032679738562091504,0.0018155410312273058,0.00036310820624546115,0.0007262164124909223,0.0,0.0010893246187363835,0.00036310820624546115,0.00036310820624546115,0.0,0.0
d,0.0,0.0,0.0,0.0,0.0003450655624568668,0.0010351966873706005,0.0006901311249137336,0.0,0.0,0.0,0.005521048999309869,0.0010351966873706005,0.0,0.0006901311249137336,0.005175983436853002,0.0013802622498274672,0.0006901311249137336,0.0,0.0,0.0,0.0003450655624568668,0.0,0.0,0.0,0.0,0.0,0.0,0.0,0.0003450655624568668,0.0,0.0,0.09282263630089717,0.003450655624568668,0.007246376811594203,0.8112491373360938,0.009316770186335404,0.0006901311249137336,0.011732229123533472,0.001725327812284334,0.014492753623188406,0.0010351966873706005,0.0010351966873706005,0.001725327812284334,0.001725327812284334,0.0006901311249137336,0.004830917874396135,0.0027605244996549345,0.0006901311249137336,0.0027605244996549345,0.004140786749482402,0.003105590062111801,0.003795721187025535,0.0006901311249137336,0.0003450655624568668,0.0006901311249137336,0.0,0.0,0.0,0.0,0.0
e,0.0,0.0,0.0,0.0003368137420006736,0.0003368137420006736,0.0,0.0,0.0,0.0,0.0,0.007073088582014146,0.0,0.0,0.0006736274840013472,0.0,0.0006736274840013472,0.010441226002020883,0.0010104412260020209,0.0020208824520040417,0.0,0.0003368137420006736,0.0,0.0,0.0,0.0,0.0,0.0,0.0,0.0,0.0,0.0,0.007073088582014146,0.0,0.005052206130010104,0.0003368137420006736,0.9161333782418323,0.0,0.0010104412260020209,0.0003368137420006736,0.0010104412260020209,0.0,0.0003368137420006736,0.0020208824520040417,0.0006736274840013472,0.0010104412260020209,0.03233411923206467,0.0006736274840013472,0.0,0.0013472549680026945,0.004715392388009431,0.0013472549680026945,0.0010104412260020209,0.0003368137420006736,0.0,0.0,0.0003368137420006736,0.0,0.0,0.0,0.0
f,0.0004033884630899556,0.0,0.0,0.0,0.0,0.004437273093989512,0.0008067769261799112,0.0004033884630899556,0.0,0.0004033884630899556,0.0024203307785397336,0.03953206938281565,0.0024203307785397336,0.0,0.0008067769261799112,0.0012101653892698668,0.0016135538523598225,0.0,0.0008067769261799112,0.0,0.0012101653892698668,0.0,0.0004033884630899556,0.0,0.0,0.0,0.0004033884630899556,0.0,0.0,0.0,0.0,0.014118596208148447,0.004437273093989512,0.0016135538523598225,0.0008067769261799112,0.026623638563937072,0.6139572408229125,0.0016135538523598225,0.021379588543767647,0.15490116982654295,0.0008067769261799112,0.0016135538523598225,0.017749092375958047,0.008067769261799113,0.0052440500201694235,0.007664380798709157,0.002016942315449778,0.0004033884630899556,0.005647438483259379,0.008067769261799113,0.024606696248487294,0.0024203307785397336,0.0024203307785397336,0.0028237192416296895,0.0008067769261799112,0.002016942315449778,0.0008067769261799112,0.008471157724889069,0.0008067769261799112,0.0008067769261799112
g,0.0,0.0,0.0,0.0,0.00035298270384751147,0.00035298270384751147,0.00035298270384751147,0.0,0.0,0.0,0.0056477232615601836,0.0007059654076950229,0.00035298270384751147,0.0007059654076950229,0.0007059654076950229,0.0007059654076950229,0.0014119308153900459,0.0007059654076950229,0.0028238616307800918,0.009883515707730321,0.0010589481115425344,0.0,0.0,0.0,0.0,0.0,0.0,0.0,0.0,0.0,0.0,0.009177550300035298,0.0028238616307800918,0.002117896223085069,0.0007059654076950229,0.016590187080833037,0.0007059654076950229,0.8828097423226262,0.0,0.0031768443346276033,0.0,0.0007059654076950229,0.003882809742322626,0.0017649135192375574,0.0014119308153900459,0.014119308153900459,0.0010589481115425344,0.012354394634662902,0.004588775150017649,0.008118602188492764,0.0017649135192375574,0.0017649135192375574,0.0,0.0007059654076950229,0.0,0.0031768443346276033,0.0,0.0,0.0007059654076950229,0.0
h,0.0,0.0,0.0,0.0,0.0,0.0,0.0007275372862859222,0.0003637686431429611,0.0,0.0,0.0014550745725718443,0.0007275372862859222,0.0003637686431429611,0.0,0.0003637686431429611,0.0003637686431429611,0.0,0.0,0.0003637686431429611,0.0,0.0,0.0,0.0,0.0,0.0,0.0,0.0,0.0,0.0,0.0,0.0,0.009821753364859949,0.0036376864314296106,0.0029101491451436886,0.0010913059294288831,0.005092761004001455,0.0003637686431429611,0.0010913059294288831,0.8806838850491088,0.009094216078574026,0.0,0.0018188432157148053,0.0043652237177155325,0.004728992360858494,0.029101491451436885,0.005092761004001455,0.00327391778828665,0.0,0.015642051655147326,0.0043652237177155325,0.0065478355765733,0.0018188432157148053,0.0,0.0018188432157148053,0.0,0.0014550745725718443,0.0,0.0,0.0014550745725718443,0.0
i,0.0,0.0,0.0,0.0012376237623762376,0.00041254125412541255,0.0016501650165016502,0.0028877887788778876,0.00041254125412541255,0.0,0.0012376237623762376,0.00041254125412541255,0.026402640264026403,0.0008250825082508251,0.0,0.0008250825082508251,0.0,0.00041254125412541255,0.00041254125412541255,0.00041254125412541255,0.0,0.00041254125412541255,0.00041254125412541255,0.0008250825082508251,0.0,0.0,0.00041254125412541255,0.0008250825082508251,0.00041254125412541255,0.0,0.0,0.0,0.014438943894389438,0.0016501650165016502,0.0033003300330033004,0.0020627062706270625,0.00825082508250825,0.0012376237623762376,0.004125412541254125,0.007425742574257425,0.8531353135313532,0.0020627062706270625,0.0020627062706270625,0.017326732673267328,0.0024752475247524753,0.007013201320132013,0.005775577557755775,0.0008250825082508251,0.0,0.004125412541254125,0.005363036303630363,0.005363036303630363,0.0020627062706270625,0.0012376237623762376,0.0008250825082508251,0.00041254125412541255,0.00041254125412541255,0.0012376237623762376,0.0033003300330033004,0.0016501650165016502,0.0
j,0.0,0.0,0.0,0.00043159257660768235,0.0,0.001294777729823047,0.02028485110056107,0.0008631851532153647,0.0,0.0034527406128614588,0.0030211480362537764,0.01078981441519206,0.0008631851532153647,0.009495036685369012,0.0008631851532153647,0.0043159257660768235,0.00043159257660768235,0.0008631851532153647,0.0008631851532153647,0.0,0.0008631851532153647,0.0030211480362537764,0.0,0.0,0.0,0.0,0.008631851532153647,0.00043159257660768235,0.017695295640914977,0.0,0.0,0.01078981441519206,0.0034527406128614588,0.0008631851532153647,0.0017263703064307294,0.009926629261976695,0.005179110919292188,0.00906344410876133,0.004747518342684506,0.12904618040569701,0.6370306430729391,0.0030211480362537764,0.009495036685369012,0.0034527406128614588,0.005179110919292188,0.0073370738023306,0.0017263703064307294,0.0,0.008200258955545965,0.009926629261976695,0.0069054812257229176,0.0017263703064307294,0.002589555459646094,0.0043159257660768235,0.00043159257660768235,0.0073370738023306,0.0008631851532153647,0.009495036685369012,0.010358221838584376,0.0073370738023306
k,0.0,0.0,0.00034048348655090226,0.0010214504596527069,0.0,0.00034048348655090226,0.00034048348655090226,0.00034048348655090226,0.00034048348655090226,0.0,0.0017024174327545114,0.0010214504596527069,0.0,0.00034048348655090226,0.0,0.00034048348655090226,0.0,0.00034048348655090226,0.00034048348655090226,0.0,0.0,0.0,0.0,0.0,0.0,0.0,0.0,0.0,0.0,0.0,0.0,0.010895471569628872,0.0020429009193054137,0.002723867892407218,0.0006809669731018045,0.008512087163772558,0.002383384405856316,0.0017024174327545114,0.007831120190670752,0.008512087163772558,0.0006809669731018045,0.9073884916581546,0.006128702757916241,0.0034048348655090228,0.003745318352059925,0.005447735784814436,0.0020429009193054137,0.0,0.004766768811712632,0.006469186244467144,0.002723867892407218,0.0020429009193054137,0.0,0.0006809669731018045,0.00034048348655090226,0.0010214504596527069,0.0,0.0,0.0010214504596527069,0.0
l,0.0012254901960784314,0.0004084967320261438,0.0,0.0,0.0,0.0004084967320261438,0.0008169934640522876,0.0012254901960784314,0.0,0.0,0.0,0.1156045751633987,0.0008169934640522876,0.0,0.0004084967320261438,0.0012254901960784314,0.0008169934640522876,0.0008169934640522876,0.0008169934640522876,0.0008169934640522876,0.0004084967320261438,0.0,0.0,0.0,0.0,0.0,0.0004084967320261438,0.0,0.0008169934640522876,0.0,0.0,0.011437908496732025,0.003676470588235294,0.0024509803921568627,0.0024509803921568627,0.007761437908496732,0.0016339869281045752,0.002042483660130719,0.012663398692810458,0.4730392156862745,0.0024509803921568627,0.006127450980392157,0.28594771241830064,0.004084967320261438,0.010212418300653595,0.004493464052287581,0.0016339869281045752,0.0,0.0032679738562091504,0.009395424836601307,0.010620915032679739,0.0032679738562091504,0.004901960784313725,0.002042483660130719,0.0004084967320261438,0.0016339869281045752,0.0,0.0004084967320261438,0.004084967320261438,0.0008169934640522876
m,0.0,0.0,0.0,0.0,0.0,0.0007530120481927711,0.0,0.0,0.0,0.0,0.0011295180722891566,0.0007530120481927711,0.0,0.00037650602409638556,0.0,0.00037650602409638556,0.0,0.0007530120481927711,0.00037650602409638556,0.0,0.00037650602409638556,0.0,0.0,0.0,0.0,0.0,0.0,0.0,0.0,0.0,0.0,0.0018825301204819277,0.0011295180722891566,0.0011295180722891566,0.0,0.0037650602409638554,0.0007530120481927711,0.0,0.0015060240963855422,0.006024096385542169,0.0,0.00037650602409638556,0.0015060240963855422,0.9484186746987951,0.009036144578313253,0.0030120481927710845,0.0,0.0,0.0026355421686746986,0.00338855421686747,0.00677710843373494,0.0007530120481927711,0.0011295180722891566,0.0007530120481927711,0.0,0.00037650602409638556,0.00037650602409638556,0.00037650602409638556,0.0,0.0
n,0.0,0.0,0.0,0.0,0.0,0.0,0.0006932409012131716,0.0003466204506065858,0.0,0.0,0.0034662045060658577,0.0034662045060658577,0.0006932409012131716,0.0,0.0,0.0003466204506065858,0.0003466204506065858,0.0003466204506065858,0.0006932409012131716,0.0,0.0010398613518197574,0.0,0.0,0.0,0.0,0.0,0.0,0.0,0.0,0.0,0.0,0.01074523396880416,0.0013864818024263432,0.0010398613518197574,0.0006932409012131716,0.005545927209705373,0.0010398613518197574,0.0006932409012131716,0.0027729636048526864,0.009358752166377816,0.0,0.0003466204506065858,0.0024263431542461003,0.012478336221837088,0.8880415944540728,0.005199306759098787,0.0017331022530329288,0.0,0.02391681109185442,0.0034662045060658577,0.008665511265164644,0.004506065857885615,0.0003466204506065858,0.0010398613518197574,0.0013864818024263432,0.0006932409012131716,0.0,0.0,0.0010398613518197574,0.0
o,0.0,0.0,0.0,0.0,0.0,0.0,0.0007815552950371239,0.0,0.0,0.0,0.23993747557639702,0.00039077764751856197,0.0011723329425556857,0.00039077764751856197,0.0007815552950371239,0.0,0.00039077764751856197,0.0007815552950371239,0.00039077764751856197,0.0,0.0,0.0,0.0,0.0,0.0,0.0,0.0,0.0,0.00039077764751856197,0.0,0.00039077764751856197,0.004689331770222743,0.00039077764751856197,0.005080109417741305,0.00039077764751856197,0.007033997655334115,0.0,0.0015631105900742479,0.0011723329425556857,0.0027354435326299334,0.00039077764751856197,0.0,0.0007815552950371239,0.0,0.0,0.7170769831965611,0.0,0.0,0.0027354435326299334,0.005861664712778429,0.0023446658851113715,0.00039077764751856197,0.0,0.0,0.0,0.00039077764751856197,0.00039077764751856197,0.0,0.0007815552950371239,0.0
p,0.0,0.0,0.00031436655139893113,0.00031436655139893113,0.0,0.00031436655139893113,0.0006287331027978623,0.0,0.0,0.0,0.0031436655139893115,0.0012574662055957245,0.0012574662055957245,0.00031436655139893113,0.0,0.0006287331027978623,0.0,0.0006287331027978623,0.0,0.00031436655139893113,0.00031436655139893113,0.0,0.0,0.0,0.0,0.0,0.0,0.0,0.0,0.0,0.0,0.0028292989625903803,0.0022005658597925182,0.001886199308393587,0.013832128261552971,0.005972964476579692,0.0,0.0012574662055957245,0.0028292989625903803,0.0022005658597925182,0.0006287331027978623,0.00031436655139893113,0.0006287331027978623,0.002514932411191449,0.0028292989625903803,0.01351776171015404,0.9214083621502672,0.0006287331027978623,0.005029864822382898,0.0034580320653882428,0.002514932411191449,0.0012574662055957245,0.0,0.0,0.0,0.0015718327569946558,0.0,0.0,0.0012574662055957245,0.0
q,0.0,0.0003933910306845004,0.0,0.0,0.0,0.0003933910306845004,0.0011801730920535012,0.0,0.0,0.0,0.0051140833988985055,0.0027537372147915028,0.0011801730920535012,0.0003933910306845004,0.0011801730920535012,0.0007867820613690008,0.0,0.0003933910306845004,0.0,0.0011801730920535012,0.0,0.0,0.0,0.0,0.0,0.0003933910306845004,0.0,0.0003933910306845004,0.0,0.0,0.0,0.08379228953579858,0.0011801730920535012,0.0027537372147915028,0.0011801730920535012,0.006687647521636507,0.0003933910306845004,0.12863886703383162,0.0027537372147915028,0.004327301337529505,0.0003933910306845004,0.0023603461841070024,0.0051140833988985055,0.0035405192761605035,0.004720692368214005,0.00865460267505901,0.0015735641227380016,0.7084972462627852,0.0051140833988985055,0.0051140833988985055,0.0015735641227380016,0.0015735641227380016,0.0007867820613690008,0.0011801730920535012,0.0,0.0015735641227380016,0.0,0.0,0.0007867820613690008,0.0
r,0.0,0.0004108463434675431,0.0,0.0004108463434675431,0.0,0.003286770747740345,0.0,0.0,0.0,0.0,0.0012325390304026294,0.009038619556285949,0.002054231717337716,0.0,0.0008216926869350862,0.0012325390304026294,0.0,0.0012325390304026294,0.0008216926869350862,0.0,0.0012325390304026294,0.0,0.0,0.0,0.0,0.0,0.0,0.0,0.0,0.0,0.0,0.008627773212818405,0.002054231717337716,0.003286770747740345,0.0004108463434675431,0.018077239112571898,0.004108463434675432,0.0012325390304026294,0.004108463434675432,0.03656532456861134,0.0,0.0004108463434675431,0.0036976170912078883,0.002054231717337716,0.002875924404272802,0.004108463434675432,0.002875924404272802,0.0,0.8594905505341003,0.005751848808545604,0.013557929334428924,0.0,0.0012325390304026294,0.0004108463434675431,0.0016433853738701725,0.0004108463434675431,0.0004108463434675431,0.0,0.0008216926869350862,0.0
s,0.0,0.0,0.0010395010395010396,0.0,0.0,0.0003465003465003465,0.000693000693000693,0.0,0.0,0.0,0.0024255024255024253,0.0017325017325017325,0.000693000693000693,0.0010395010395010396,0.0003465003465003465,0.02182952182952183,0.0017325017325017325,0.0,0.010741510741510741,0.0,0.000693000693000693,0.0,0.0,0.0,0.0,0.0003465003465003465,0.0,0.0,0.0,0.0,0.0,0.012127512127512128,0.0017325017325017325,0.0024255024255024253,0.000693000693000693,0.030838530838530838,0.000693000693000693,0.002772002772002772,0.0010395010395010396,0.004851004851004851,0.0,0.0003465003465003465,0.0031185031185031187,0.000693000693000693,0.002079002079002079,0.010741510741510741,0.0003465003465003465,0.0003465003465003465,0.0031185031185031187,0.8721413721413721,0.0024255024255024253,0.0010395010395010396,0.0003465003465003465,0.000693000693000693,0.0003465003465003465,0.0010395010395010396,0.0003465003465003465,0.0,0.0,0.0
t,0.00041050903119868636,0.0,0.0,0.0,0.0,0.004105090311986864,0.0012315270935960591,0.00041050903119868636,0.0016420361247947454,0.0,0.0008210180623973727,0.041050903119868636,0.00041050903119868636,0.0008210180623973727,0.0024630541871921183,0.0,0.0,0.0,0.0,0.00041050903119868636,0.0012315270935960591,0.0,0.0,0.0,0.0,0.0,0.0,0.00041050903119868636,0.00041050903119868636,0.0,0.0,0.010673234811165846,0.0008210180623973727,0.002052545155993432,0.0016420361247947454,0.017651888341543513,0.0016420361247947454,0.0016420361247947454,0.020525451559934318,0.11042692939244664,0.0008210180623973727,0.0028735632183908046,0.015599343185550082,0.012315270935960592,0.008620689655172414,0.006157635467980296,0.0012315270935960591,0.0,0.005747126436781609,0.005747126436781609,0.6978653530377669,0.011904761904761904,0.0016420361247947454,0.00041050903119868636,0.0012315270935960591,0.003284072249589491,0.0,0.0012315270935960591,0.00041050903119868636,0.0
u,0.0,0.0,0.00039556962025316455,0.0,0.0,0.0011867088607594937,0.0,0.0,0.00039556962025316455,0.0,0.002768987341772152,0.0007911392405063291,0.0,0.00039556962025316455,0.0007911392405063291,0.0,0.0,0.0,0.0,0.0,0.00039556962025316455,0.0,0.0,0.0,0.00039556962025316455,0.0,0.0,0.0,0.0,0.0,0.0,0.00949367088607595,0.001977848101265823,0.0015822784810126582,0.0015822784810126582,0.008306962025316455,0.0,0.001977848101265823,0.001977848101265823,0.003955696202531646,0.00039556962025316455,0.0007911392405063291,0.007911392405063292,0.003955696202531646,0.003560126582278481,0.010284810126582278,0.0031645569620253164,0.0,0.003560126582278481,0.006724683544303798,0.001977848101265823,0.9070411392405063,0.0015822784810126582,0.006724683544303798,0.0007911392405063291,0.002768987341772152,0.0,0.0,0.00039556962025316455,0.0
v,0.0,0.0,0.0,0.0,0.0,0.0,0.00039856516540454366,0.0,0.0,0.00039856516540454366,0.0011956954962136308,0.0019928258270227183,0.0015942606616181746,0.00039856516540454366,0.00039856516540454366,0.0007971303308090873,0.0,0.00039856516540454366,0.00039856516540454366,0.0007971303308090873,0.0,0.0,0.0,0.0,0.0,0.0,0.0,0.00039856516540454366,0.0,0.0,0.0,0.009565563969709047,0.0035870864886408927,0.0007971303308090873,0.0011956954962136308,0.008369868473495417,0.0007971303308090873,0.0023913909924272616,0.00757273814268633,0.009166998804304504,0.00039856516540454366,0.0007971303308090873,0.004782781984854523,0.0027899561578318055,0.016739736946990835,0.00876843363889996,0.00039856516540454366,0.0,0.006377042646472699,0.004782781984854523,0.0027899561578318055,0.01992825827022718,0.8345954563571144,0.019131127939418093,0.0,0.02431247508967716,0.00039856516540454366,0.0,0.0,0.00039856516540454366
w,0.0,0.00035816618911174784,0.0,0.0,0.0,0.0,0.00035816618911174784,0.0,0.0,0.0,0.0010744985673352436,0.0007163323782234957,0.00035816618911174784,0.00035816618911174784,0.0,0.00035816618911174784,0.0,0.0,0.00035816618911174784,0.0,0.00035816618911174784,0.00035816618911174784,0.0,0.0,0.0,0.00035816618911174784,0.0,0.0,0.00035816618911174784,0.0,0.0,0.0060888252148997134,0.002507163323782235,0.002507163323782235,0.0010744985673352436,0.007879656160458453,0.0010744985673352436,0.0010744985673352436,0.0035816618911174787,0.0071633237822349575,0.0,0.0007163323782234957,0.0028653295128939827,0.0035816618911174787,0.003939828080229226,0.007879656160458453,0.0017908309455587394,0.0,0.0028653295128939827,0.0060888252148997134,0.0035816618911174787,0.03868194842406877,0.002148997134670487,0.8843123209169055,0.0007163323782234957,0.0007163323782234957,0.0007163323782234957,0.00035816618911174784,0.0007163323782234957,0.0
x,0.0,0.0003198976327575176,0.0,0.0006397952655150352,0.0,0.001599488163787588,0.0009596928982725527,0.0,0.0009596928982725527,0.0006397952655150352,0.0,0.0009596928982725527,0.0003198976327575176,0.0012795905310300703,0.0006397952655150352,0.0012795905310300703,0.0,0.0006397952655150352,0.0006397952655150352,0.0003198976327575176,0.0009596928982725527,0.0,0.0009596928982725527,0.0,0.0,0.0,0.0,0.0003198976327575176,0.0003198976327575176,0.0,0.0,0.015355086372360844,0.0012795905310300703,0.004158669225847729,0.0012795905310300703,0.012795905310300703,0.0012795905310300703,0.0022392834293026233,0.006078055022392835,0.00799744081893794,0.0003198976327575176,0.007357645553422905,0.003838771593090211,0.003198976327575176,0.00799744081893794,0.009277031349968011,0.0025591810620601407,0.0,0.007677543186180422,0.008637236084452975,0.005438259756877799,0.003198976327575176,0.0009596928982725527,0.001599488163787588,0.8685220729366603,0.0019193857965451055,0.0003198976327575176,0.0003198976327575176,0.0006397952655150352,0.0
y,0.00035816618911174784,0.0,0.0,0.0,0.0,0.0,0.0007163323782234957,0.0,0.0,0.0007163323782234957,0.002148997134670487,0.0010744985673352436,0.0,0.0007163323782234957,0.002148997134670487,0.0010744985673352436,0.0,0.0,0.0,0.00035816618911174784,0.0007163323782234957,0.0,0.0,0.0,0.0,0.0,0.0,0.0,0.0,0.0,0.0,0.0057306590257879654,0.0017908309455587394,0.0010744985673352436,0.00035816618911174784,0.002148997134670487,0.0,0.0057306590257879654,0.002148997134670487,0.0032234957020057307,0.0,0.00035816618911174784,0.0010744985673352436,0.002148997134670487,0.0028653295128939827,0.004297994269340974,0.0017908309455587394,0.0007163323782234957,0.0035816618911174787,0.004297994269340974,0.002507163323782235,0.0035816618911174787,0.002148997134670487,0.0007163323782234957,0.0,0.9373209169054442,0.00035816618911174784,0.0,0.0,0.0
z,0.0,0.0,0.0,0.0,0.0004045307443365696,0.0,0.0016181229773462784,0.0,0.0,0.0,0.0036407766990291263,0.0028317152103559872,0.2087378640776699,0.0,0.0012135922330097086,0.0,0.0,0.0016181229773462784,0.0,0.0,0.0008090614886731392,0.0,0.0,0.0,0.0,0.0,0.0,0.0004045307443365696,0.0008090614886731392,0.0,0.0,0.021844660194174758,0.0004045307443365696,0.0036407766990291263,0.0004045307443365696,0.023867313915857606,0.0,0.0008090614886731392,0.0004045307443365696,0.0052588996763754045,0.0,0.0008090614886731392,0.0016181229773462784,0.003236245954692557,0.0012135922330097086,0.008090614886731391,0.0016181229773462784,0.0,0.0052588996763754045,0.0056634304207119745,0.0036407766990291263,0.0004045307443365696,0.0,0.0020226537216828477,0.0016181229773462784,0.0020226537216828477,0.6820388349514563,0.0004045307443365696,0.0016181229773462784,0.0
{,0.0,0.0,0.0,0.0,0.0,0.26181309065453273,0.0010500525026251313,0.0,0.00035001750087504374,0.001400070003500175,0.002450122506125306,0.0010500525026251313,0.00035001750087504374,0.0010500525026251313,0.00035001750087504374,0.0010500525026251313,0.0,0.00035001750087504374,0.0,0.0,0.001400070003500175,0.0,0.00035001750087504374,0.0,0.00035001750087504374,0.0,0.011900595029751488,0.0007000350017500875,0.00035001750087504374,0.0,0.0,0.009800490024501224,0.00280014000700035,0.003150157507875394,0.0010500525026251313,0.007350367518375919,0.006300315015750788,0.0010500525026251313,0.021701085054252712,0.03185159257962898,0.0007000350017500875,0.006300315015750788,0.017150857542877145,0.0017500875043752187,0.0038501925096254812,0.007000350017500875,0.0010500525026251313,0.0,0.004550227511375569,0.009100455022751138,0.006650332516625832,0.002450122506125306,0.0017500875043752187,0.0021001050052502626,0.0017500875043752187,0.0021001050052502626,0.001400070003500175,0.5484774238711936,0.010150507525376268,0.00035001750087504374
|,0.0034737299174989146,0.0,0.0,0.0,0.0,0.0039079461571862786,0.0021710811984368217,0.0,0.0,0.005644811115935736,0.005210594876248371,0.023881893182805036,0.0021710811984368217,0.0004342162396873643,0.0008684324793747286,0.0008684324793747286,0.0,0.0,0.0013026487190620929,0.0,0.0034737299174989146,0.0,0.0,0.0004342162396873643,0.0,0.0,0.0182370820668693,0.0,0.007815892314372557,0.0,0.0,0.008684324793747287,0.0013026487190620929,0.005210594876248371,0.0021710811984368217,0.012592270950933565,0.0013026487190620929,0.0017368649587494573,0.010855405992184108,0.20972644376899696,0.004342162396873643,0.0017368649587494573,0.08380373425966131,0.0026052974381241857,0.0034737299174989146,0.007381676074685193,0.0021710811984368217,0.0,0.0039079461571862786,0.009552757273122015,0.005210594876248371,0.004776378636561007,0.0021710811984368217,0.0013026487190620929,0.0008684324793747286,0.0021710811984368217,0.0,0.0034737299174989146,0.5258358662613982,0.0017368649587494573
},0.0,0.0,0.0,0.0,0.0,0.00041981528127623844,0.21914357682619648,0.0,0.0,0.0008396305625524769,0.003778337531486146,0.010495382031905962,0.0016792611251049538,0.0,0.00041981528127623844,0.0008396305625524769,0.00041981528127623844,0.0,0.00041981528127623844,0.0012594458438287153,0.0025188916876574307,0.0,0.0,0.0,0.0,0.0,0.0,0.00041981528127623844,0.015113350125944584,0.0,0.0,0.007556675062972292,0.0016792611251049538,0.0016792611251049538,0.0041981528127623844,0.012174643157010915,0.0008396305625524769,0.0008396305625524769,0.009235936188077247,0.07934508816120907,0.039882451721242655,0.0012594458438287153,0.030226700251889168,0.004617968094038623,0.0054575986565911,0.011335012594458438,0.0041981528127623844,0.0016792611251049538,0.007136859781696054,0.008816120906801008,0.006717044500419815,0.0025188916876574307,0.0016792611251049538,0.0020990764063811922,0.00041981528127623844,0.01343408900083963,0.0016792611251049538,0.0008396305625524769,0.021410579345088162,0.45927791771620485
